{"cameraMode":{"drawMode":0,"name":"Shaded","section":"Shading Mode"},"sceneLighting":true,"audioPlay":false,"sceneViewState":{"m_AlwaysRefresh":false,"showFog":true,"showSkybox":true,"showFlares":true,"showImageEffects":true,"showParticleSystems":true,"showVisualEffectGraphs":true,"m_FxEnabled":true},"in2DMode":false,"pivot":{"x":12.324960708618164,"y":3.5303711891174318,"z":22.49921417236328},"rotation":{"x":0.0041648042388260368,"y":0.10987447947263718,"z":0.0004617224622052163,"w":-0.9939403533935547},"size":1.2247449159622193,"orthographic":false}